[{"model": "auth.permission", "pk": 1, "fields": {"name": "Can add log entry", "content_type": 1, "codename": "add_logentry"}}, {"model": "auth.permission", "pk": 2, "fields": {"name": "Can change log entry", "content_type": 1, "codename": "change_logentry"}}, {"model": "auth.permission", "pk": 3, "fields": {"name": "Can delete log entry", "content_type": 1, "codename": "delete_logentry"}}, {"model": "auth.permission", "pk": 4, "fields": {"name": "Can view log entry", "content_type": 1, "codename": "view_logentry"}}, {"model": "auth.permission", "pk": 5, "fields": {"name": "Can add permission", "content_type": 2, "codename": "add_permission"}}, {"model": "auth.permission", "pk": 6, "fields": {"name": "Can change permission", "content_type": 2, "codename": "change_permission"}}, {"model": "auth.permission", "pk": 7, "fields": {"name": "Can delete permission", "content_type": 2, "codename": "delete_permission"}}, {"model": "auth.permission", "pk": 8, "fields": {"name": "Can view permission", "content_type": 2, "codename": "view_permission"}}, {"model": "auth.permission", "pk": 9, "fields": {"name": "Can add group", "content_type": 3, "codename": "add_group"}}, {"model": "auth.permission", "pk": 10, "fields": {"name": "Can change group", "content_type": 3, "codename": "change_group"}}, {"model": "auth.permission", "pk": 11, "fields": {"name": "Can delete group", "content_type": 3, "codename": "delete_group"}}, {"model": "auth.permission", "pk": 12, "fields": {"name": "Can view group", "content_type": 3, "codename": "view_group"}}, {"model": "auth.permission", "pk": 13, "fields": {"name": "Can add content type", "content_type": 4, "codename": "add_contenttype"}}, {"model": "auth.permission", "pk": 14, "fields": {"name": "Can change content type", "content_type": 4, "codename": "change_contenttype"}}, {"model": "auth.permission", "pk": 15, "fields": {"name": "Can delete content type", "content_type": 4, "codename": "delete_contenttype"}}, {"model": "auth.permission", "pk": 16, "fields": {"name": "Can view content type", "content_type": 4, "codename": "view_contenttype"}}, {"model": "auth.permission", "pk": 17, "fields": {"name": "Can add session", "content_type": 5, "codename": "add_session"}}, {"model": "auth.permission", "pk": 18, "fields": {"name": "Can change session", "content_type": 5, "codename": "change_session"}}, {"model": "auth.permission", "pk": 19, "fields": {"name": "Can delete session", "content_type": 5, "codename": "delete_session"}}, {"model": "auth.permission", "pk": 20, "fields": {"name": "Can view session", "content_type": 5, "codename": "view_session"}}, {"model": "auth.permission", "pk": 21, "fields": {"name": "Can add user", "content_type": 6, "codename": "add_user"}}, {"model": "auth.permission", "pk": 22, "fields": {"name": "Can change user", "content_type": 6, "codename": "change_user"}}, {"model": "auth.permission", "pk": 23, "fields": {"name": "Can delete user", "content_type": 6, "codename": "delete_user"}}, {"model": "auth.permission", "pk": 24, "fields": {"name": "Can view user", "content_type": 6, "codename": "view_user"}}, {"model": "auth.permission", "pk": 25, "fields": {"name": "Can add designation", "content_type": 7, "codename": "add_designation"}}, {"model": "auth.permission", "pk": 26, "fields": {"name": "Can change designation", "content_type": 7, "codename": "change_designation"}}, {"model": "auth.permission", "pk": 27, "fields": {"name": "Can delete designation", "content_type": 7, "codename": "delete_designation"}}, {"model": "auth.permission", "pk": 28, "fields": {"name": "Can view designation", "content_type": 7, "codename": "view_designation"}}, {"model": "auth.permission", "pk": 29, "fields": {"name": "Can add state", "content_type": 8, "codename": "add_state"}}, {"model": "auth.permission", "pk": 30, "fields": {"name": "Can change state", "content_type": 8, "codename": "change_state"}}, {"model": "auth.permission", "pk": 31, "fields": {"name": "Can delete state", "content_type": 8, "codename": "delete_state"}}, {"model": "auth.permission", "pk": 32, "fields": {"name": "Can view state", "content_type": 8, "codename": "view_state"}}, {"model": "auth.permission", "pk": 33, "fields": {"name": "Can add address", "content_type": 9, "codename": "add_address"}}, {"model": "auth.permission", "pk": 34, "fields": {"name": "Can change address", "content_type": 9, "codename": "change_address"}}, {"model": "auth.permission", "pk": 35, "fields": {"name": "Can delete address", "content_type": 9, "codename": "delete_address"}}, {"model": "auth.permission", "pk": 36, "fields": {"name": "Can view address", "content_type": 9, "codename": "view_address"}}, {"model": "auth.permission", "pk": 37, "fields": {"name": "Can add customer", "content_type": 10, "codename": "add_customer"}}, {"model": "auth.permission", "pk": 38, "fields": {"name": "Can change customer", "content_type": 10, "codename": "change_customer"}}, {"model": "auth.permission", "pk": 39, "fields": {"name": "Can delete customer", "content_type": 10, "codename": "delete_customer"}}, {"model": "auth.permission", "pk": 40, "fields": {"name": "Can view customer", "content_type": 10, "codename": "view_customer"}}, {"model": "auth.permission", "pk": 41, "fields": {"name": "Can add file", "content_type": 11, "codename": "add_file"}}, {"model": "auth.permission", "pk": 42, "fields": {"name": "Can change file", "content_type": 11, "codename": "change_file"}}, {"model": "auth.permission", "pk": 43, "fields": {"name": "Can delete file", "content_type": 11, "codename": "delete_file"}}, {"model": "auth.permission", "pk": 44, "fields": {"name": "Can view file", "content_type": 11, "codename": "view_file"}}, {"model": "auth.permission", "pk": 45, "fields": {"name": "Can add project_ payment", "content_type": 12, "codename": "add_project_payment"}}, {"model": "auth.permission", "pk": 46, "fields": {"name": "Can change project_ payment", "content_type": 12, "codename": "change_project_payment"}}, {"model": "auth.permission", "pk": 47, "fields": {"name": "Can delete project_ payment", "content_type": 12, "codename": "delete_project_payment"}}, {"model": "auth.permission", "pk": 48, "fields": {"name": "Can view project_ payment", "content_type": 12, "codename": "view_project_payment"}}, {"model": "auth.permission", "pk": 49, "fields": {"name": "Can add status", "content_type": 13, "codename": "add_status"}}, {"model": "auth.permission", "pk": 50, "fields": {"name": "Can change status", "content_type": 13, "codename": "change_status"}}, {"model": "auth.permission", "pk": 51, "fields": {"name": "Can delete status", "content_type": 13, "codename": "delete_status"}}, {"model": "auth.permission", "pk": 52, "fields": {"name": "Can view status", "content_type": 13, "codename": "view_status"}}, {"model": "auth.permission", "pk": 53, "fields": {"name": "Can add statustracker", "content_type": 14, "codename": "add_statustracker"}}, {"model": "auth.permission", "pk": 54, "fields": {"name": "Can change statustracker", "content_type": 14, "codename": "change_statustracker"}}, {"model": "auth.permission", "pk": 55, "fields": {"name": "Can delete statustracker", "content_type": 14, "codename": "delete_statustracker"}}, {"model": "auth.permission", "pk": 56, "fields": {"name": "Can view statustracker", "content_type": 14, "codename": "view_statustracker"}}, {"model": "auth.permission", "pk": 57, "fields": {"name": "Can add category_ subtype", "content_type": 15, "codename": "add_category_subtype"}}, {"model": "auth.permission", "pk": 58, "fields": {"name": "Can change category_ subtype", "content_type": 15, "codename": "change_category_subtype"}}, {"model": "auth.permission", "pk": 59, "fields": {"name": "Can delete category_ subtype", "content_type": 15, "codename": "delete_category_subtype"}}, {"model": "auth.permission", "pk": 60, "fields": {"name": "Can view category_ subtype", "content_type": 15, "codename": "view_category_subtype"}}, {"model": "auth.permission", "pk": 61, "fields": {"name": "Can add sub_ category", "content_type": 16, "codename": "add_sub_category"}}, {"model": "auth.permission", "pk": 62, "fields": {"name": "Can change sub_ category", "content_type": 16, "codename": "change_sub_category"}}, {"model": "auth.permission", "pk": 63, "fields": {"name": "Can delete sub_ category", "content_type": 16, "codename": "delete_sub_category"}}, {"model": "auth.permission", "pk": 64, "fields": {"name": "Can view sub_ category", "content_type": 16, "codename": "view_sub_category"}}, {"model": "auth.permission", "pk": 65, "fields": {"name": "Can add leadcategory", "content_type": 17, "codename": "add_leadcategory"}}, {"model": "auth.permission", "pk": 66, "fields": {"name": "Can change leadcategory", "content_type": 17, "codename": "change_leadcategory"}}, {"model": "auth.permission", "pk": 67, "fields": {"name": "Can delete leadcategory", "content_type": 17, "codename": "delete_leadcategory"}}, {"model": "auth.permission", "pk": 68, "fields": {"name": "Can view leadcategory", "content_type": 17, "codename": "view_leadcategory"}}, {"model": "auth.permission", "pk": 69, "fields": {"name": "Can add category", "content_type": 18, "codename": "add_category"}}, {"model": "auth.permission", "pk": 70, "fields": {"name": "Can change category", "content_type": 18, "codename": "change_category"}}, {"model": "auth.permission", "pk": 71, "fields": {"name": "Can delete category", "content_type": 18, "codename": "delete_category"}}, {"model": "auth.permission", "pk": 72, "fields": {"name": "Can view category", "content_type": 18, "codename": "view_category"}}, {"model": "auth.permission", "pk": 73, "fields": {"name": "Can add lead source", "content_type": 19, "codename": "add_leadsource"}}, {"model": "auth.permission", "pk": 74, "fields": {"name": "Can change lead source", "content_type": 19, "codename": "change_leadsource"}}, {"model": "auth.permission", "pk": 75, "fields": {"name": "Can delete lead source", "content_type": 19, "codename": "delete_leadsource"}}, {"model": "auth.permission", "pk": 76, "fields": {"name": "Can view lead source", "content_type": 19, "codename": "view_leadsource"}}, {"model": "auth.permission", "pk": 77, "fields": {"name": "Can add leadremarks", "content_type": 20, "codename": "add_leadremarks"}}, {"model": "auth.permission", "pk": 78, "fields": {"name": "Can change leadremarks", "content_type": 20, "codename": "change_leadremarks"}}, {"model": "auth.permission", "pk": 79, "fields": {"name": "Can delete leadremarks", "content_type": 20, "codename": "delete_leadremarks"}}, {"model": "auth.permission", "pk": 80, "fields": {"name": "Can view leadremarks", "content_type": 20, "codename": "view_leadremarks"}}, {"model": "auth.permission", "pk": 81, "fields": {"name": "Can add lead", "content_type": 21, "codename": "add_lead"}}, {"model": "auth.permission", "pk": 82, "fields": {"name": "Can change lead", "content_type": 21, "codename": "change_lead"}}, {"model": "auth.permission", "pk": 83, "fields": {"name": "Can delete lead", "content_type": 21, "codename": "delete_lead"}}, {"model": "auth.permission", "pk": 84, "fields": {"name": "Can view lead", "content_type": 21, "codename": "view_lead"}}, {"model": "auth.permission", "pk": 85, "fields": {"name": "Can add project", "content_type": 22, "codename": "add_project"}}, {"model": "auth.permission", "pk": 86, "fields": {"name": "Can change project", "content_type": 22, "codename": "change_project"}}, {"model": "auth.permission", "pk": 87, "fields": {"name": "Can delete project", "content_type": 22, "codename": "delete_project"}}, {"model": "auth.permission", "pk": 88, "fields": {"name": "Can view project", "content_type": 22, "codename": "view_project"}}, {"model": "auth.permission", "pk": 89, "fields": {"name": "Can add customer_ followup", "content_type": 23, "codename": "add_customer_followup"}}, {"model": "auth.permission", "pk": 90, "fields": {"name": "Can change customer_ followup", "content_type": 23, "codename": "change_customer_followup"}}, {"model": "auth.permission", "pk": 91, "fields": {"name": "Can delete customer_ followup", "content_type": 23, "codename": "delete_customer_followup"}}, {"model": "auth.permission", "pk": 92, "fields": {"name": "Can view customer_ followup", "content_type": 23, "codename": "view_customer_followup"}}, {"model": "auth.permission", "pk": 93, "fields": {"name": "Can add tempfile", "content_type": 24, "codename": "add_tempfile"}}, {"model": "auth.permission", "pk": 94, "fields": {"name": "Can change tempfile", "content_type": 24, "codename": "change_tempfile"}}, {"model": "auth.permission", "pk": 95, "fields": {"name": "Can delete tempfile", "content_type": 24, "codename": "delete_tempfile"}}, {"model": "auth.permission", "pk": 96, "fields": {"name": "Can view tempfile", "content_type": 24, "codename": "view_tempfile"}}, {"model": "contenttypes.contenttype", "pk": 1, "fields": {"app_label": "admin", "model": "logentry"}}, {"model": "contenttypes.contenttype", "pk": 2, "fields": {"app_label": "auth", "model": "permission"}}, {"model": "contenttypes.contenttype", "pk": 3, "fields": {"app_label": "auth", "model": "group"}}, {"model": "contenttypes.contenttype", "pk": 4, "fields": {"app_label": "contenttypes", "model": "contenttype"}}, {"model": "contenttypes.contenttype", "pk": 5, "fields": {"app_label": "sessions", "model": "session"}}, {"model": "contenttypes.contenttype", "pk": 6, "fields": {"app_label": "freespace_apiapp", "model": "user"}}, {"model": "contenttypes.contenttype", "pk": 7, "fields": {"app_label": "freespace_apiapp", "model": "designation"}}, {"model": "contenttypes.contenttype", "pk": 8, "fields": {"app_label": "freespace_apiapp", "model": "state"}}, {"model": "contenttypes.contenttype", "pk": 9, "fields": {"app_label": "freespace_apiapp", "model": "address"}}, {"model": "contenttypes.contenttype", "pk": 10, "fields": {"app_label": "freespace_apiapp", "model": "customer"}}, {"model": "contenttypes.contenttype", "pk": 11, "fields": {"app_label": "freespace_apiapp", "model": "file"}}, {"model": "contenttypes.contenttype", "pk": 12, "fields": {"app_label": "freespace_apiapp", "model": "project_payment"}}, {"model": "contenttypes.contenttype", "pk": 13, "fields": {"app_label": "freespace_apiapp", "model": "status"}}, {"model": "contenttypes.contenttype", "pk": 14, "fields": {"app_label": "freespace_apiapp", "model": "statustracker"}}, {"model": "contenttypes.contenttype", "pk": 15, "fields": {"app_label": "freespace_apiapp", "model": "category_subtype"}}, {"model": "contenttypes.contenttype", "pk": 16, "fields": {"app_label": "freespace_apiapp", "model": "sub_category"}}, {"model": "contenttypes.contenttype", "pk": 17, "fields": {"app_label": "freespace_apiapp", "model": "leadcategory"}}, {"model": "contenttypes.contenttype", "pk": 18, "fields": {"app_label": "freespace_apiapp", "model": "category"}}, {"model": "contenttypes.contenttype", "pk": 19, "fields": {"app_label": "freespace_apiapp", "model": "leadsource"}}, {"model": "contenttypes.contenttype", "pk": 20, "fields": {"app_label": "freespace_apiapp", "model": "leadremarks"}}, {"model": "contenttypes.contenttype", "pk": 21, "fields": {"app_label": "freespace_apiapp", "model": "lead"}}, {"model": "contenttypes.contenttype", "pk": 22, "fields": {"app_label": "freespace_apiapp", "model": "project"}}, {"model": "contenttypes.contenttype", "pk": 23, "fields": {"app_label": "freespace_apiapp", "model": "customer_followup"}}, {"model": "contenttypes.contenttype", "pk": 24, "fields": {"app_label": "freespace_apiapp", "model": "tempfile"}}, {"model": "freespace_apiapp.designation", "pk": 1, "fields": {"designation_name": "Superadmin"}}, {"model": "freespace_apiapp.designation", "pk": 2, "fields": {"designation_name": "Supervisor"}}, {"model": "freespace_apiapp.designation", "pk": 3, "fields": {"designation_name": "Designer"}}, {"model": "freespace_apiapp.designation", "pk": 4, "fields": {"designation_name": "Admin"}}, {"model": "freespace_apiapp.designation", "pk": 5, "fields": {"designation_name": "Factory"}}, {"model": "freespace_apiapp.designation", "pk": 6, "fields": {"designation_name": "Finance"}}, {"model": "freespace_apiapp.designation", "pk": 7, "fields": {"designation_name": "Lead"}}, {"model": "freespace_apiapp.user", "pk": 1, "fields": {"last_login": null, "is_superuser": false, "first_name": "", "last_name": "", "is_staff": false, "is_active": true, "date_joined": "2021-11-14T16:41:07.409Z", "name": "abnaparveen", "email": "abnaparveen@gmail.com", "password": "pbkdf2_sha256$260000$tSvYozSR9fx6V2Vc73BKK1$j0DPi4zO/CMIQmRpxT15ppfoulVLh/IS1g4Wr7Pb1VM=", "designation_id": 1, "groups": [], "user_permissions": []}}, {"model": "freespace_apiapp.user", "pk": 2, "fields": {"last_login": null, "is_superuser": false, "first_name": "", "last_name": "", "is_staff": false, "is_active": true, "date_joined": "2021-11-14T16:41:58.802Z", "name": "Jahana", "email": "abna@gmail.com", "password": "pbkdf2_sha256$260000$2IDLXF2HMikEOmuThFZHaX$PTTG78pkzS3fEkFIwPZGrkv5duK8Jyn8Mrzbi4Uuul0=", "designation_id": 2, "groups": [], "user_permissions": []}}, {"model": "freespace_apiapp.user", "pk": 3, "fields": {"last_login": null, "is_superuser": false, "first_name": "", "last_name": "", "is_staff": false, "is_active": true, "date_joined": "2021-11-14T16:59:27.621Z", "name": "abnasew", "email": "jahana@gmail.com", "password": "pbkdf2_sha256$260000$uYJoBWZTAnASTnzDYL4Hsd$FEFvAP1Mz/jjzkV4q60+7AibVfif3m/HeCpl8KCAEqI=", "designation_id": 3, "groups": [], "user_permissions": []}}, {"model": "freespace_apiapp.user", "pk": 4, "fields": {"last_login": null, "is_superuser": false, "first_name": "", "last_name": "", "is_staff": false, "is_active": true, "date_joined": "2021-11-14T18:43:50.179Z", "name": "aswathy", "email": "aswathy@gmail.com", "password": "pbkdf2_sha256$260000$eepHXAA7CfKVMtOr3Uop3d$Ptzk+vzr5cFbVNkbB61sdH8Yi6hjbFyafBFo18cRcb4=", "designation_id": 4, "groups": [], "user_permissions": []}}, {"model": "freespace_apiapp.user", "pk": 5, "fields": {"last_login": null, "is_superuser": false, "first_name": "", "last_name": "", "is_staff": false, "is_active": true, "date_joined": "2021-11-14T18:45:20.166Z", "name": "sindhu", "email": "sindhu@gmail.com", "password": "pbkdf2_sha256$260000$Fe5oVdVnh4dR3OTmYRhiHv$IkMPYV6vGsXhf5m6lZoxuqhiMxr5QlHtGnTGSxVW+mA=", "designation_id": 5, "groups": [], "user_permissions": []}}, {"model": "freespace_apiapp.user", "pk": 6, "fields": {"last_login": null, "is_superuser": false, "first_name": "", "last_name": "", "is_staff": false, "is_active": true, "date_joined": "2021-11-14T18:47:03.690Z", "name": "nibin", "email": "nibin@gmail.com", "password": "pbkdf2_sha256$260000$T3kf4WYCk3qRx9NT6YGL9o$gNtBFNKH+JVV+w1gfKDAEhKBsMvLoW/YRhy6tqCxZ9M=", "designation_id": 6, "groups": [], "user_permissions": []}}, {"model": "freespace_apiapp.user", "pk": 7, "fields": {"last_login": null, "is_superuser": false, "first_name": "", "last_name": "", "is_staff": false, "is_active": true, "date_joined": "2021-11-14T18:47:26.424Z", "name": "harun", "email": "harun@gmail.com", "password": "pbkdf2_sha256$260000$EHK6uPxPfQVriD7bau8cEp$7fgtk4S609eKu9/GS1n85gsXM5WpNwt8UCJ1ZfUIusY=", "designation_id": 7, "groups": [], "user_permissions": []}}, {"model": "freespace_apiapp.user", "pk": 9, "fields": {"last_login": null, "is_superuser": false, "first_name": "", "last_name": "", "is_staff": false, "is_active": true, "date_joined": "2021-11-15T09:24:40.206Z", "name": "freespace", "email": "freespace@gmail.com", "password": "pbkdf2_sha256$260000$NNTnZ6igbSFPHMqK3ebb2P$AQWORkFWWEPc1ErPSOjR2YK0kEwh346Vv/hN9nwgtWk=", "designation_id": 3, "groups": [], "user_permissions": []}}, {"model": "freespace_apiapp.user", "pk": 12, "fields": {"last_login": null, "is_superuser": false, "first_name": "", "last_name": "", "is_staff": false, "is_active": true, "date_joined": "2021-11-16T06:37:17.101Z", "name": "jag", "email": "jag@gmail.com", "password": "pbkdf2_sha256$260000$Jo4hlQr6TxGm5VVJUSx4AX$jmw5/o2w6ivYruI74w1hzYqO6oUfX7ZcHFxMk0inAzk=", "designation_id": 3, "groups": [], "user_permissions": []}}, {"model": "freespace_apiapp.user", "pk": 13, "fields": {"last_login": null, "is_superuser": false, "first_name": "", "last_name": "", "is_staff": false, "is_active": true, "date_joined": "2021-11-24T14:43:01.664Z", "name": "Maria", "email": "maria@gmail.com", "password": "pbkdf2_sha256$260000$3ehofRyXTgzJ6j4pLhpPcn$RBoth1ATYUwXLNdO1sv1HUyLzHeMcB89Cazj9yD9NKA=", "designation_id": null, "groups": [], "user_permissions": []}}, {"model": "freespace_apiapp.user", "pk": 14, "fields": {"last_login": null, "is_superuser": false, "first_name": "", "last_name": "", "is_staff": false, "is_active": true, "date_joined": "2021-11-24T14:46:23.330Z", "name": "Maria", "email": "maria12@gmail.com", "password": "pbkdf2_sha256$260000$0I8oqnMnnMEdy1YhacmJs7$bRR3YHBdVn7ecPk9Xe3kxCMmvQhwCbvt4BfMz+uSYho=", "designation_id": 3, "groups": [], "user_permissions": []}}, {"model": "freespace_apiapp.user", "pk": 15, "fields": {"last_login": null, "is_superuser": false, "first_name": "", "last_name": "", "is_staff": false, "is_active": true, "date_joined": "2021-11-24T14:53:04.280Z", "name": "Sam", "email": "sam@gmail.com", "password": "pbkdf2_sha256$260000$KalK9XY5s5ZDBBwfdnG6w7$Lge8fCompCrEeDndHA7SrLdiveaCgZCRtYE+g6ry6b4=", "designation_id": 3, "groups": [], "user_permissions": []}}, {"model": "freespace_apiapp.user", "pk": 16, "fields": {"last_login": null, "is_superuser": false, "first_name": "", "last_name": "", "is_staff": false, "is_active": true, "date_joined": "2021-11-24T15:39:43.890Z", "name": "Asif", "email": "asif@gmail.com", "password": "pbkdf2_sha256$260000$fop0z8G15O3nXaZOQLEL5e$TnIPo/rKk5SevZ9x4NWPz76u1Nb2sta5/59u078ij8Q=", "designation_id": 3, "groups": [], "user_permissions": []}}, {"model": "freespace_apiapp.customer", "pk": 1, "fields": {"customer_firstname": "sindhu", "customer_lastname": "ussanar", "customer_phonenumber": 9876543245, "email": "sindhu@gmail.com", "updated_by": 1, "updated_on": "2021-11-14T19:19:04.259Z"}}, {"model": "freespace_apiapp.customer", "pk": 2, "fields": {"customer_firstname": "Abhirami", "customer_lastname": "Poduval", "customer_phonenumber": 1234567890, "email": "abhirami@gmail.com", "updated_by": 1, "updated_on": "2021-11-18T08:51:52.466Z"}}, {"model": "freespace_apiapp.customer", "pk": 3, "fields": {"customer_firstname": "Harun", "customer_lastname": "Shah", "customer_phonenumber": 9809214567, "email": "harun@gmail.com", "updated_by": 1, "updated_on": "2021-11-24T11:32:45.048Z"}}, {"model": "freespace_apiapp.state", "pk": 1, "fields": {"state_name": "Kerala"}}, {"model": "freespace_apiapp.address", "pk": 1, "fields": {"customer_id": 1, "addr_line1": "kochi", "addr_line2": "jangajagajaga", "city": "kochi", "state_id": 1, "pincode": 675678, "updated_on": "2021-11-14T19:19:04.263Z"}}, {"model": "freespace_apiapp.address", "pk": 2, "fields": {"customer_id": 2, "addr_line1": "Kannur", "addr_line2": "Payyannur", "city": "Payyannur", "state_id": 1, "pincode": 12345678, "updated_on": "2021-11-18T08:51:52.483Z"}}, {"model": "freespace_apiapp.address", "pk": 3, "fields": {"customer_id": 3, "addr_line1": "Moonwhite", "addr_line2": "Kakkanadu", "city": "Ernakulam", "state_id": 1, "pincode": 123465987, "updated_on": "2021-11-24T11:32:45.059Z"}}, {"model": "freespace_apiapp.category", "pk": 1, "fields": {"category_name": "Kitchen"}}, {"model": "freespace_apiapp.category", "pk": 2, "fields": {"category_name": "Home Interiors"}}, {"model": "freespace_apiapp.sub_category", "pk": 1, "fields": {"name": "Wardrobe", "cat_id": 2}}, {"model": "freespace_apiapp.sub_category", "pk": 2, "fields": {"name": "TV Unit", "cat_id": 2}}, {"model": "freespace_apiapp.sub_category", "pk": 3, "fields": {"name": "Bed", "cat_id": 2}}, {"model": "freespace_apiapp.sub_category", "pk": 4, "fields": {"name": "Others", "cat_id": 2}}, {"model": "freespace_apiapp.status", "pk": 1, "fields": {"status_value": "Lead Created", "designation_id": 3, "display_for": 1}}, {"model": "freespace_apiapp.status", "pk": 2, "fields": {"status_value": "Assigned to Designer", "designation_id": 3, "display_for": 1}}, {"model": "freespace_apiapp.status", "pk": 3, "fields": {"status_value": "Assigned to Supervisor", "designation_id": 2, "display_for": 3}}, {"model": "freespace_apiapp.status", "pk": 4, "fields": {"status_value": "Customer Follow up", "designation_id": 3, "display_for": 1}}, {"model": "freespace_apiapp.status", "pk": 5, "fields": {"status_value": "Advance Received", "designation_id": 3, "display_for": 1}}, {"model": "freespace_apiapp.status", "pk": 6, "fields": {"status_value": "Lead Lost", "designation_id": 1, "display_for": 3}}, {"model": "freespace_apiapp.status", "pk": 7, "fields": {"status_value": "Design Finalized", "designation_id": 6, "display_for": 3}}, {"model": "freespace_apiapp.status", "pk": 8, "fields": {"status_value": "Lead Reopen", "designation_id": 4, "display_for": 1}}, {"model": "freespace_apiapp.status", "pk": 9, "fields": {"status_value": "Request for Initial Measurement", "designation_id": 2, "display_for": 3}}, {"model": "freespace_apiapp.status", "pk": 10, "fields": {"status_value": "Request for Final Measurement", "designation_id": 2, "display_for": 3}}, {"model": "freespace_apiapp.status", "pk": 11, "fields": {"status_value": "Booking Amount Received", "designation_id": 3, "display_for": 1}}, {"model": "freespace_apiapp.leadsource", "pk": 1, "fields": {"sourcevalue": "Phone(Telecall)"}}, {"model": "freespace_apiapp.leadsource", "pk": 2, "fields": {"sourcevalue": "Direct(Walk-in)"}}, {"model": "freespace_apiapp.leadsource", "pk": 3, "fields": {"sourcevalue": "JP Sir"}}, {"model": "freespace_apiapp.leadsource", "pk": 4, "fields": {"sourcevalue": "GM"}}, {"model": "freespace_apiapp.leadsource", "pk": 5, "fields": {"sourcevalue": "Old Client"}}, {"model": "freespace_apiapp.lead", "pk": 1, "fields": {"created_by": 1, "designer_id": 3, "customer_id": 1, "status_id": 2, "leadname": "HE NEED KICHENS", "description": "ZFDGXFCHJBKLNM", "renovation": false, "leadsource_id": 1, "supervisor_id": null, "updated_on": "2021-11-14T20:37:11.798Z"}}, {"model": "freespace_apiapp.lead", "pk": 2, "fields": {"created_by": 1, "designer_id": 12, "customer_id": 3, "status_id": 3, "leadname": "Harun_Kitchen", "description": "Need Home Interior for Harun", "renovation": true, "leadsource_id": 1, "supervisor_id": 2, "updated_on": "2021-11-24T11:33:38.437Z"}}, {"model": "freespace_apiapp.statustracker", "pk": 1, "fields": {"lead_id": 2, "status_id": 10, "date": "2021-11-25T08:50:04.866Z", "user_id": 12}}, {"model": "freespace_apiapp.statustracker", "pk": 2, "fields": {"lead_id": 2, "status_id": 4, "date": "2021-11-25T08:50:13.335Z", "user_id": 12}}, {"model": "freespace_apiapp.statustracker", "pk": 3, "fields": {"lead_id": 2, "status_id": 7, "date": "2021-11-25T08:50:23.489Z", "user_id": 12}}, {"model": "freespace_apiapp.statustracker", "pk": 4, "fields": {"lead_id": 2, "status_id": 10, "date": "2021-11-25T08:50:29.089Z", "user_id": 12}}, {"model": "freespace_apiapp.statustracker", "pk": 5, "fields": {"lead_id": 2, "status_id": 3, "date": "2021-11-25T08:50:38.842Z", "user_id": 12}}, {"model": "freespace_apiapp.statustracker", "pk": 6, "fields": {"lead_id": 2, "status_id": 6, "date": "2021-11-25T08:52:14.713Z", "user_id": 12}}, {"model": "freespace_apiapp.statustracker", "pk": 7, "fields": {"lead_id": 2, "status_id": 7, "date": "2021-11-25T08:52:27.656Z", "user_id": 12}}, {"model": "freespace_apiapp.statustracker", "pk": 8, "fields": {"lead_id": 2, "status_id": 10, "date": "2021-11-25T08:52:36.476Z", "user_id": 12}}, {"model": "freespace_apiapp.statustracker", "pk": 9, "fields": {"lead_id": 2, "status_id": 9, "date": "2021-11-25T08:52:51.859Z", "user_id": 12}}, {"model": "freespace_apiapp.statustracker", "pk": 10, "fields": {"lead_id": 2, "status_id": 10, "date": "2021-11-25T08:52:56.662Z", "user_id": 12}}, {"model": "freespace_apiapp.statustracker", "pk": 11, "fields": {"lead_id": 2, "status_id": 3, "date": "2021-11-25T08:53:05.569Z", "user_id": 12}}, {"model": "freespace_apiapp.tempfile", "pk": 1, "fields": {"name": "ccccccccc", "file": "media/images/TEMPLATE_-_SUMMARY_ytolbe", "lead_id": 2, "user_id": 2}}, {"model": "freespace_apiapp.tempfile", "pk": 2, "fields": {"name": "jag", "file": "media/images/createuser.component_nyax39.html", "lead_id": 2, "user_id": 12}}, {"model": "freespace_apiapp.tempfile", "pk": 3, "fields": {"name": "jag", "file": "media/images/image001_krgrg8.jpg", "lead_id": 2, "user_id": 12}}, {"model": "freespace_apiapp.tempfile", "pk": 4, "fields": {"name": "jag", "file": "media/images/resume_example_dwn_j5tjx6.pdf", "lead_id": 2, "user_id": 12}}, {"model": "freespace_apiapp.tempfile", "pk": 5, "fields": {"name": "fffffffffffffffffffffffffffff", "file": "media/images/PublishingtoAzure_jn2tcb.pdf", "lead_id": 2, "user_id": 2}}, {"model": "freespace_apiapp.tempfile", "pk": 6, "fields": {"name": "fgggggggggggggggg", "file": "media/images/PublishingtoAzure_qnbvwf.pdf", "lead_id": 2, "user_id": 2}}, {"model": "freespace_apiapp.tempfile", "pk": 7, "fields": {"name": "fgggggggggggggggg", "file": "media/images/Screenshot_from_2021-09-19_19-34-10_a1r2kz.png", "lead_id": 2, "user_id": 2}}, {"model": "freespace_apiapp.tempfile", "pk": 8, "fields": {"name": "fgggggggggggggggg", "file": "media/images/FreeSpace_Design_Document_gthywk.docx", "lead_id": 2, "user_id": 2}}, {"model": "freespace_apiapp.tempfile", "pk": 9, "fields": {"name": "fgggggggggggggggg", "file": "media/images/PublishingtoAzure_mnzezp.pdf", "lead_id": 2, "user_id": 2}}, {"model": "freespace_apiapp.tempfile", "pk": 10, "fields": {"name": "fgggggggggggggggg", "file": "media/images/PublishingtoAzure_ihlxdz.pdf", "lead_id": 2, "user_id": 2}}, {"model": "freespace_apiapp.tempfile", "pk": 11, "fields": {"name": "jag", "file": "media/images/image001_l5bnxi.jpg", "lead_id": 2, "user_id": 12}}, {"model": "freespace_apiapp.tempfile", "pk": 12, "fields": {"name": "fgggggggggggggggg", "file": "media/images/Screenshot_from_2021-09-19_19-34-10_zkpc1f.png", "lead_id": 2, "user_id": 2}}, {"model": "freespace_apiapp.tempfile", "pk": 13, "fields": {"name": "jag", "file": "media/images/Screenshot_from_2021-11-25_10-11-10_pmwgms.png", "lead_id": 2, "user_id": 12}}, {"model": "freespace_apiapp.tempfile", "pk": 14, "fields": {"name": "jag", "file": "media/images/Screenshot_from_2021-11-25_10-16-36_tdhznn.png", "lead_id": 2, "user_id": 12}}, {"model": "freespace_apiapp.tempfile", "pk": 15, "fields": {"name": "jag", "file": "media/images/Screenshot_from_2021-11-25_10-16-36_j9blkg.png", "lead_id": 2, "user_id": 12}}, {"model": "freespace_apiapp.tempfile", "pk": 16, "fields": {"name": "jag", "file": "media/images/Screenshot_from_2021-11-25_10-16-36_ikxyas.png", "lead_id": 2, "user_id": 12}}, {"model": "freespace_apiapp.tempfile", "pk": 17, "fields": {"name": "jag", "file": "media/images/Screenshot_from_2021-11-25_10-16-36_giswvr.png", "lead_id": 2, "user_id": 12}}, {"model": "freespace_apiapp.tempfile", "pk": 18, "fields": {"name": "jag", "file": "media/images/Screenshot_from_2021-11-25_10-16-36_fwk96q.png", "lead_id": 2, "user_id": 12}}, {"model": "freespace_apiapp.tempfile", "pk": 19, "fields": {"name": "jag", "file": "media/images/Screenshot_from_2021-11-25_10-16-36_fwtzdp.png", "lead_id": 2, "user_id": 12}}, {"model": "freespace_apiapp.tempfile", "pk": 20, "fields": {"name": "jag", "file": "media/images/Screenshot_from_2021-11-25_10-15-42_e0nnnk.png", "lead_id": 2, "user_id": 12}}, {"model": "freespace_apiapp.tempfile", "pk": 21, "fields": {"name": "jag", "file": "media/images/Screenshot_from_2021-11-25_10-15-42_s4jn7n.png", "lead_id": 2, "user_id": 12}}, {"model": "freespace_apiapp.file", "pk": 13, "fields": {"file_name": "ccccccccc", "url": "https://res.cloudinary.com/nibinm/image/upload/v1/media/images/TEMPLATE_-_SUMMARY_ytolbe", "date": "2021-11-25T05:53:29.492Z", "user_id": 2, "lead_id": 2}}, {"model": "freespace_apiapp.file", "pk": 14, "fields": {"file_name": "jag", "url": "https://res.cloudinary.com/nibinm/raw/upload/v1/media/images/createuser.component_nyax39.html", "date": "2021-11-25T06:00:41.538Z", "user_id": 12, "lead_id": 2}}, {"model": "freespace_apiapp.file", "pk": 15, "fields": {"file_name": "jag", "url": "https://res.cloudinary.com/nibinm/raw/upload/v1/media/images/image001_krgrg8.jpg", "date": "2021-11-25T06:07:52.641Z", "user_id": 12, "lead_id": 2}}, {"model": "freespace_apiapp.file", "pk": 16, "fields": {"file_name": "jag", "url": "https://res.cloudinary.com/nibinm/raw/upload/v1/media/images/resume_example_dwn_j5tjx6.pdf", "date": "2021-11-25T06:08:46.619Z", "user_id": 12, "lead_id": 2}}, {"model": "freespace_apiapp.file", "pk": 17, "fields": {"file_name": "fffffffffffffffffffffffffffff", "url": "https://res.cloudinary.com/nibinm/raw/upload/v1/media/images/PublishingtoAzure_jn2tcb.pdf", "date": "2021-11-25T06:10:49.168Z", "user_id": 2, "lead_id": 2}}, {"model": "freespace_apiapp.file", "pk": 18, "fields": {"file_name": "fgggggggggggggggg", "url": "https://res.cloudinary.com/nibinm/raw/upload/v1/media/images/PublishingtoAzure_qnbvwf.pdf", "date": "2021-11-25T06:12:58.524Z", "user_id": 2, "lead_id": 2}}, {"model": "freespace_apiapp.file", "pk": 19, "fields": {"file_name": "fgggggggggggggggg", "url": "https://res.cloudinary.com/nibinm/raw/upload/v1/media/images/Screenshot_from_2021-09-19_19-34-10_a1r2kz.png", "date": "2021-11-25T06:16:42.583Z", "user_id": 2, "lead_id": 2}}, {"model": "freespace_apiapp.file", "pk": 20, "fields": {"file_name": "fgggggggggggggggg", "url": "https://res.cloudinary.com/nibinm/raw/upload/v1/media/images/FreeSpace_Design_Document_gthywk.docx", "date": "2021-11-25T06:17:43.720Z", "user_id": 2, "lead_id": 2}}, {"model": "freespace_apiapp.file", "pk": 21, "fields": {"file_name": "fgggggggggggggggg", "url": "https://res.cloudinary.com/nibinm/raw/upload/v1/media/images/PublishingtoAzure_mnzezp.pdf", "date": "2021-11-25T06:19:16.318Z", "user_id": 2, "lead_id": 2}}, {"model": "freespace_apiapp.file", "pk": 22, "fields": {"file_name": "fgggggggggggggggg", "url": "https://res.cloudinary.com/nibinm/raw/upload/v1/media/images/PublishingtoAzure_ihlxdz.pdf", "date": "2021-11-25T06:24:58.385Z", "user_id": 2, "lead_id": 2}}, {"model": "freespace_apiapp.file", "pk": 23, "fields": {"file_name": "jag", "url": "https://res.cloudinary.com/nibinm/raw/upload/v1/media/images/image001_l5bnxi.jpg", "date": "2021-11-25T06:50:25.266Z", "user_id": 12, "lead_id": 2}}, {"model": "freespace_apiapp.file", "pk": 24, "fields": {"file_name": "fgggggggggggggggg", "url": "https://res.cloudinary.com/nibinm/raw/upload/v1/media/images/Screenshot_from_2021-09-19_19-34-10_zkpc1f.png", "date": "2021-11-25T06:50:30.641Z", "user_id": 2, "lead_id": 2}}, {"model": "freespace_apiapp.file", "pk": 25, "fields": {"file_name": "jag", "url": "https://res.cloudinary.com/nibinm/raw/upload/v1/media/images/Screenshot_from_2021-11-25_10-11-10_pmwgms.png", "date": "2021-11-25T07:09:41.513Z", "user_id": 12, "lead_id": 2}}, {"model": "freespace_apiapp.file", "pk": 26, "fields": {"file_name": "jag", "url": "https://res.cloudinary.com/nibinm/raw/upload/v1/media/images/Screenshot_from_2021-11-25_10-16-36_tdhznn.png", "date": "2021-11-25T07:33:53.782Z", "user_id": 12, "lead_id": 2}}, {"model": "freespace_apiapp.file", "pk": 27, "fields": {"file_name": "jag", "url": "https://res.cloudinary.com/nibinm/raw/upload/v1/media/images/Screenshot_from_2021-11-25_10-16-36_j9blkg.png", "date": "2021-11-25T07:34:24.609Z", "user_id": 12, "lead_id": 2}}, {"model": "freespace_apiapp.file", "pk": 28, "fields": {"file_name": "jag", "url": "https://res.cloudinary.com/nibinm/raw/upload/v1/media/images/Screenshot_from_2021-11-25_10-16-36_ikxyas.png", "date": "2021-11-25T07:44:39.728Z", "user_id": 12, "lead_id": 2}}, {"model": "freespace_apiapp.file", "pk": 29, "fields": {"file_name": "jag", "url": "https://res.cloudinary.com/nibinm/raw/upload/v1/media/images/Screenshot_from_2021-11-25_10-16-36_giswvr.png", "date": "2021-11-25T07:54:23.221Z", "user_id": 12, "lead_id": 2}}, {"model": "freespace_apiapp.file", "pk": 30, "fields": {"file_name": "jag", "url": "https://res.cloudinary.com/nibinm/raw/upload/v1/media/images/Screenshot_from_2021-11-25_10-16-36_fwk96q.png", "date": "2021-11-25T07:55:09.344Z", "user_id": 12, "lead_id": 2}}, {"model": "freespace_apiapp.file", "pk": 31, "fields": {"file_name": "jag", "url": "https://res.cloudinary.com/nibinm/raw/upload/v1/media/images/Screenshot_from_2021-11-25_10-16-36_fwtzdp.png", "date": "2021-11-25T07:55:35.754Z", "user_id": 12, "lead_id": 2}}, {"model": "freespace_apiapp.file", "pk": 32, "fields": {"file_name": "jag", "url": "https://res.cloudinary.com/nibinm/raw/upload/v1/media/images/Screenshot_from_2021-11-25_10-15-42_e0nnnk.png", "date": "2021-11-25T07:56:47.799Z", "user_id": 12, "lead_id": 2}}, {"model": "freespace_apiapp.file", "pk": 33, "fields": {"file_name": "jag", "url": "https://res.cloudinary.com/nibinm/raw/upload/v1/media/images/Screenshot_from_2021-11-25_10-15-42_s4jn7n.png", "date": "2021-11-25T07:57:18.918Z", "user_id": 12, "lead_id": 2}}, {"model": "freespace_apiapp.leadremarks", "pk": 1, "fields": {"lead_id": 1, "remark_data": "Updated by Sindhu", "datetime": "2021-11-16T10:33:35.266Z", "user_id": 2}}, {"model": "freespace_apiapp.leadremarks", "pk": 2, "fields": {"lead_id": 1, "remark_data": "Updated by Sindhu", "datetime": "2021-11-16T10:33:35.934Z", "user_id": 2}}, {"model": "freespace_apiapp.leadremarks", "pk": 3, "fields": {"lead_id": 2, "remark_data": "remarks", "datetime": "2021-11-24T12:54:12.833Z", "user_id": 12}}, {"model": "freespace_apiapp.leadremarks", "pk": 4, "fields": {"lead_id": 2, "remark_data": "New Follow Up", "datetime": "2021-11-24T14:00:35.316Z", "user_id": 12}}, {"model": "freespace_apiapp.leadremarks", "pk": 5, "fields": {"lead_id": 2, "remark_data": "New Followup", "datetime": "2021-11-24T14:11:33.272Z", "user_id": 12}}, {"model": "freespace_apiapp.leadremarks", "pk": 6, "fields": {"lead_id": 2, "remark_data": "newww", "datetime": "2021-11-24T14:16:37.039Z", "user_id": 12}}, {"model": "freespace_apiapp.leadremarks", "pk": 7, "fields": {"lead_id": null, "remark_data": "New Remarks", "datetime": "2021-11-24T14:16:52.419Z", "user_id": null}}, {"model": "freespace_apiapp.leadremarks", "pk": 8, "fields": {"lead_id": null, "remark_data": "New Follow up", "datetime": "2021-11-24T14:17:14.051Z", "user_id": null}}, {"model": "freespace_apiapp.leadremarks", "pk": 9, "fields": {"lead_id": 2, "remark_data": "newwwff", "datetime": "2021-11-24T14:23:48.732Z", "user_id": 12}}, {"model": "freespace_apiapp.leadremarks", "pk": 10, "fields": {"lead_id": null, "remark_data": "next", "datetime": "2021-11-24T14:23:54.710Z", "user_id": null}}, {"model": "freespace_apiapp.leadremarks", "pk": 11, "fields": {"lead_id": null, "remark_data": "nexttt", "datetime": "2021-11-24T14:24:14.486Z", "user_id": null}}, {"model": "freespace_apiapp.leadremarks", "pk": 12, "fields": {"lead_id": 2, "remark_data": "newww", "datetime": "2021-11-24T14:30:47.387Z", "user_id": 12}}, {"model": "freespace_apiapp.leadremarks", "pk": 13, "fields": {"lead_id": 2, "remark_data": "new form", "datetime": "2021-11-24T14:30:58.651Z", "user_id": 12}}, {"model": "freespace_apiapp.leadremarks", "pk": 14, "fields": {"lead_id": 2, "remark_data": "new", "datetime": "2021-11-24T14:31:06.749Z", "user_id": 12}}, {"model": "freespace_apiapp.leadremarks", "pk": 15, "fields": {"lead_id": 2, "remark_data": "hhh", "datetime": "2021-11-24T14:35:20.909Z", "user_id": 12}}, {"model": "freespace_apiapp.leadremarks", "pk": 16, "fields": {"lead_id": 2, "remark_data": "ggg", "datetime": "2021-11-24T14:37:07.397Z", "user_id": 12}}, {"model": "freespace_apiapp.leadremarks", "pk": 17, "fields": {"lead_id": 2, "remark_data": "new", "datetime": "2021-11-24T14:37:12.308Z", "user_id": 12}}, {"model": "freespace_apiapp.leadremarks", "pk": 18, "fields": {"lead_id": 2, "remark_data": "yessssssss", "datetime": "2021-11-24T14:37:20.400Z", "user_id": 12}}, {"model": "freespace_apiapp.leadremarks", "pk": 19, "fields": {"lead_id": 2, "remark_data": "New lead added", "datetime": "2021-11-25T06:51:50.797Z", "user_id": 12}}, {"model": "freespace_apiapp.leadcategory", "pk": 1, "fields": {"lead_id": 1, "category_id": 2, "sub_cat_id": 1, "updated_on": "2021-11-14T20:37:11.803Z", "units": 5}}, {"model": "freespace_apiapp.leadcategory", "pk": 2, "fields": {"lead_id": 2, "category_id": 1, "sub_cat_id": 4, "updated_on": "2021-11-24T11:33:38.464Z", "units": 2}}, {"model": "freespace_apiapp.customer_followup", "pk": 2, "fields": {"lead_id": 2, "updated_by": 12, "followup_date": "2021-11-27", "datetime": "2021-11-24T12:29:42.369Z"}}, {"model": "freespace_apiapp.customer_followup", "pk": 3, "fields": {"lead_id": 2, "updated_by": 12, "followup_date": "2021-11-30", "datetime": "2021-11-24T12:30:21.801Z"}}, {"model": "freespace_apiapp.customer_followup", "pk": 4, "fields": {"lead_id": 2, "updated_by": 12, "followup_date": "2021-11-18", "datetime": "2021-11-24T13:05:04.667Z"}}, {"model": "freespace_apiapp.customer_followup", "pk": 5, "fields": {"lead_id": 2, "updated_by": 12, "followup_date": "2021-11-17", "datetime": "2021-11-24T13:05:22.711Z"}}, {"model": "freespace_apiapp.customer_followup", "pk": 6, "fields": {"lead_id": 2, "updated_by": 12, "followup_date": "2021-11-20", "datetime": "2021-11-24T13:06:02.316Z"}}, {"model": "freespace_apiapp.customer_followup", "pk": 7, "fields": {"lead_id": 2, "updated_by": 12, "followup_date": "2021-11-17", "datetime": "2021-11-24T13:06:46.863Z"}}, {"model": "freespace_apiapp.customer_followup", "pk": 8, "fields": {"lead_id": 2, "updated_by": 12, "followup_date": "2021-11-11", "datetime": "2021-11-24T13:06:57.671Z"}}, {"model": "freespace_apiapp.customer_followup", "pk": 9, "fields": {"lead_id": 2, "updated_by": 12, "followup_date": "2021-11-20", "datetime": "2021-11-24T14:00:47.720Z"}}, {"model": "freespace_apiapp.customer_followup", "pk": 10, "fields": {"lead_id": 2, "updated_by": 12, "followup_date": "2021-11-18", "datetime": "2021-11-24T14:00:56.227Z"}}, {"model": "freespace_apiapp.customer_followup", "pk": 11, "fields": {"lead_id": 2, "updated_by": 12, "followup_date": null, "datetime": "2021-11-24T14:01:07.114Z"}}, {"model": "freespace_apiapp.customer_followup", "pk": 12, "fields": {"lead_id": 2, "updated_by": 12, "followup_date": "2021-11-20", "datetime": "2021-11-25T08:50:13.237Z"}}]